longitude,latitude,annotation
-84.586077,46.528943,outdoor
-84.586076,46.528943,outdoor
-84.586076,46.528942,outdoor
-84.586076,46.528942,outdoor
-84.586075,46.528942,outdoor
-84.586075,46.528943,outdoor
-84.586075,46.528942,outdoor
-84.586074,46.528942,outdoor
-84.586074,46.528943,outdoor
-84.586074,46.528943,outdoor
-84.586074,46.528943,outdoor
-84.586123,46.52899,outdoor
-84.586095,46.529011,outdoor
-84.586077,46.529016,outdoor
-84.586049,46.529015,outdoor
-84.586039,46.529012,outdoor
-84.586031,46.529008,outdoor
-84.586027,46.529006,outdoor
-84.586022,46.529003,outdoor
-84.586018,46.529003,outdoor
-84.586007,46.529002,outdoor
-84.585985,46.528997,outdoor
-84.585959,46.528992,outdoor
-84.585912,46.529,outdoor
-84.585873,46.529004,outdoor
-84.585824,46.528997,outdoor
-84.585807,46.528992,outdoor
-84.585775,46.528968,outdoor
-84.585738,46.528933,outdoor
-84.585714,46.528904,outdoor
-84.585686,46.528879,outdoor
-84.585662,46.528857,outdoor
-84.58564,46.528835,outdoor
-84.585609,46.528811,outdoor
-84.585543,46.528792,outdoor
-84.58548,46.528781,outdoor
-84.585385,46.52879,outdoor
-84.585296,46.528811,outdoor
-84.585201,46.528834,outdoor
-84.585105,46.528851,outdoor
-84.585011,46.52886,outdoor
-84.584926,46.528871,outdoor
-84.584837,46.528888,outdoor
-84.584743,46.528909,outdoor
-84.584648,46.528931,outdoor
-84.584549,46.528951,outdoor
-84.584455,46.52897,outdoor
-84.584364,46.528991,outdoor
-84.584272,46.52901,outdoor
-84.584176,46.529029,outdoor
-84.58408,46.52905,outdoor
-84.583985,46.529057,outdoor
-84.58389,46.529045,outdoor
-84.583801,46.529022,outdoor
-84.583711,46.528991,outdoor
-84.583621,46.528962,outdoor
-84.583536,46.528932,outdoor
-84.583449,46.528905,outdoor
-84.58336,46.528878,outdoor
-84.583271,46.528856,outdoor
-84.583179,46.528835,outdoor
-84.583084,46.528811,outdoor
-84.582988,46.528785,outdoor
-84.582893,46.528759,outdoor
-84.582801,46.528735,outdoor
-84.582699,46.528705,outdoor
-84.582601,46.528679,outdoor
-84.582505,46.528653,outdoor
-84.58241,46.528628,outdoor
-84.582314,46.528606,outdoor
-84.58222,46.528586,outdoor
-84.582129,46.528567,outdoor
-84.582035,46.528545,outdoor
-84.581944,46.528522,outdoor
-84.581854,46.528497,outdoor
-84.581761,46.528475,outdoor
-84.581666,46.528449,outdoor
-84.581574,46.528423,outdoor
-84.581482,46.528401,outdoor
-84.581388,46.52838,outdoor
-84.581296,46.528359,outdoor
-84.581206,46.528342,outdoor
-84.581116,46.528323,outdoor
-84.58103,46.5283,outdoor
-84.58094,46.528276,outdoor
-84.580851,46.528256,outdoor
-84.58076,46.528237,outdoor
-84.580661,46.528213,outdoor
-84.580566,46.528187,outdoor
-84.58047,46.528158,outdoor
-84.58038,46.528134,outdoor
-84.580291,46.528114,outdoor
-84.580199,46.528092,outdoor
-84.580116,46.528075,outdoor
-84.580021,46.528054,outdoor
-84.579915,46.528029,outdoor
-84.579818,46.528003,outdoor
-84.579725,46.527975,outdoor
-84.579634,46.52795,outdoor
-84.57954,46.527925,outdoor
-84.579442,46.527902,outdoor
-84.579344,46.52788,outdoor
-84.579247,46.52786,outdoor
-84.579157,46.527842,outdoor
-84.579062,46.52782,outdoor
-84.578966,46.527795,outdoor
-84.578871,46.527771,outdoor
-84.578773,46.527744,outdoor
-84.578679,46.52772,outdoor
-84.578592,46.527699,outdoor
-84.5785,46.527679,outdoor
-84.578403,46.52766,outdoor
-84.578303,46.527643,outdoor
-84.578207,46.527629,outdoor
-84.578105,46.527617,outdoor
-84.57801,46.527608,outdoor
-84.577911,46.527598,outdoor
-84.57781,46.527591,outdoor
-84.577704,46.527586,outdoor
-84.577602,46.527581,outdoor
-84.577504,46.527579,outdoor
-84.577403,46.52758,outdoor
-84.5773,46.52758,outdoor
-84.5772,46.527581,outdoor
-84.577101,46.527581,outdoor
-84.577002,46.527581,outdoor
-84.576899,46.527581,outdoor
-84.576799,46.527581,outdoor
-84.576702,46.527581,outdoor
-84.576606,46.527582,outdoor
-84.576508,46.527585,outdoor
-84.576408,46.527588,outdoor
-84.576308,46.52759,outdoor
-84.576203,46.527593,outdoor
-84.576107,46.527598,outdoor
-84.576017,46.527604,outdoor
-84.575918,46.527603,outdoor
-84.575818,46.527595,outdoor
-84.575711,46.527588,outdoor
-84.57561,46.527584,outdoor
-84.575513,46.527583,outdoor
-84.575421,46.527582,outdoor
-84.575326,46.52758,outdoor
-84.575237,46.527582,outdoor
-84.575144,46.527582,outdoor
-84.575044,46.52758,outdoor
-84.574941,46.527578,outdoor
-84.574837,46.527579,outdoor
-84.574725,46.527575,outdoor
-84.574619,46.527576,outdoor
-84.574522,46.527568,outdoor
-84.574427,46.527564,outdoor
-84.574335,46.527565,outdoor
-84.57424,46.527567,outdoor
-84.574146,46.52757,outdoor
-84.574056,46.527571,outdoor
-84.573959,46.527575,outdoor
-84.57386,46.527577,outdoor
-84.573757,46.527581,outdoor
-84.573655,46.527586,outdoor
-84.573564,46.527588,outdoor
-84.573474,46.527587,outdoor
-84.573384,46.527581,outdoor
-84.573291,46.527578,outdoor
-84.573196,46.52758,outdoor
-84.5731,46.527583,outdoor
-84.573002,46.527587,outdoor
-84.572907,46.527589,outdoor
-84.57281,46.52759,outdoor
-84.572711,46.527587,outdoor
-84.572606,46.527587,outdoor
-84.572507,46.527588,outdoor
-84.572411,46.527589,outdoor
-84.572318,46.52759,outdoor
-84.572222,46.527589,outdoor
-84.572124,46.527587,outdoor
-84.572031,46.527586,outdoor
-84.571937,46.52758,outdoor
-84.571844,46.527584,outdoor
-84.571732,46.527581,outdoor
-84.571621,46.527578,outdoor
-84.571526,46.527581,outdoor
-84.571427,46.527583,outdoor
-84.571332,46.527585,outdoor
-84.571236,46.527586,outdoor
-84.57114,46.527585,outdoor
-84.571048,46.527585,outdoor
-84.570954,46.527586,outdoor
-84.570863,46.527587,outdoor
-84.570768,46.527588,outdoor
-84.570675,46.527588,outdoor
-84.570576,46.527586,outdoor
-84.570478,46.527585,outdoor
-84.570374,46.527586,outdoor
-84.570276,46.527588,outdoor
-84.570175,46.527586,outdoor
-84.570073,46.527582,outdoor
-84.569973,46.527576,outdoor
-84.569881,46.527574,outdoor
-84.56979,46.527577,outdoor
-84.569693,46.52758,outdoor
-84.569596,46.527584,outdoor
-84.569497,46.527588,outdoor
-84.569401,46.527588,outdoor
-84.56932,46.527593,outdoor
-84.569233,46.527598,outdoor
-84.569138,46.527596,outdoor
-84.569034,46.527589,outdoor
-84.568937,46.527584,outdoor
-84.568838,46.527582,outdoor
-84.568738,46.527579,outdoor
-84.56864,46.52758,outdoor
-84.568542,46.52758,outdoor
-84.568444,46.527578,outdoor
-84.568339,46.527577,outdoor
-84.568238,46.527575,outdoor
-84.568138,46.527573,outdoor
-84.568037,46.527569,outdoor
-84.567934,46.527565,outdoor
-84.567833,46.52756,outdoor
-84.56773,46.527549,outdoor
-84.567634,46.527541,outdoor
-84.567536,46.527531,outdoor
-84.567438,46.527521,outdoor
-84.56734,46.52751,outdoor
-84.567247,46.527499,outdoor
-84.567155,46.527488,outdoor
-84.567066,46.527472,outdoor
-84.56696,46.527446,outdoor
-84.566855,46.52742,outdoor
-84.566758,46.527396,outdoor
-84.566663,46.527374,outdoor
-84.566567,46.527351,outdoor
-84.566474,46.52733,outdoor
-84.566382,46.527304,outdoor
-84.566292,46.527279,outdoor
-84.566203,46.527251,outdoor
-84.566115,46.527219,outdoor
-84.566027,46.52719,outdoor
-84.565939,46.527163,outdoor
-84.565847,46.527136,outdoor
-84.565753,46.527111,outdoor
-84.565663,46.527084,outdoor
-84.565571,46.527055,outdoor
-84.565478,46.527027,outdoor
-84.565383,46.526996,outdoor
-84.565288,46.526965,outdoor
-84.565195,46.526935,outdoor
-84.565105,46.526906,outdoor
-84.565015,46.526875,outdoor
-84.564923,46.526844,outdoor
-84.564832,46.526816,outdoor
-84.564741,46.526791,outdoor
-84.564649,46.526763,outdoor
-84.56456,46.526733,outdoor
-84.564471,46.526704,outdoor
-84.564383,46.526675,outdoor
-84.564293,46.526647,outdoor
-84.5642,46.526616,outdoor
-84.564108,46.526589,outdoor
-84.564015,46.526563,outdoor
-84.56392,46.526539,outdoor
-84.563822,46.526515,outdoor
-84.563729,46.526491,outdoor
-84.563636,46.526468,outdoor
-84.563545,46.526445,outdoor
-84.563451,46.526421,outdoor
-84.563362,46.526399,outdoor
-84.56326,46.526378,outdoor
-84.563159,46.526363,outdoor
-84.563058,46.526352,outdoor
-84.562956,46.52634,outdoor
-84.562853,46.526329,outdoor
-84.562751,46.526314,outdoor
-84.562652,46.526301,outdoor
-84.562553,46.526289,outdoor
-84.562454,46.526279,outdoor
-84.562351,46.526271,outdoor
-84.562249,46.526265,outdoor
-84.562148,46.526262,outdoor
-84.562046,46.526256,outdoor
-84.561946,46.526247,outdoor
-84.56185,46.526243,outdoor
-84.561758,46.526239,outdoor
-84.561656,46.52623,outdoor
-84.561556,46.52622,outdoor
-84.561461,46.526212,outdoor
-84.561363,46.526202,outdoor
-84.561268,46.526195,outdoor
-84.561172,46.526188,outdoor
-84.561072,46.52618,outdoor
-84.560972,46.526172,outdoor
-84.560875,46.526165,outdoor
-84.560782,46.526158,outdoor
-84.560687,46.526154,outdoor
-84.560587,46.526148,outdoor
-84.560488,46.526142,outdoor
-84.560391,46.526136,outdoor
-84.560298,46.526131,outdoor
-84.560203,46.526123,outdoor
-84.560105,46.526116,outdoor
-84.560005,46.526108,outdoor
-84.559908,46.526102,outdoor
-84.559809,46.526098,outdoor
-84.559715,46.526093,outdoor
-84.559614,46.526085,outdoor
-84.559517,46.526076,outdoor
-84.559423,46.526067,outdoor
-84.559329,46.526058,outdoor
-84.559234,46.526051,outdoor
-84.559136,46.526043,outdoor
-84.559034,46.526033,outdoor
-84.558932,46.526024,outdoor
-84.558828,46.526014,outdoor
-84.558727,46.526004,outdoor
-84.55862,46.525994,outdoor
-84.558519,46.525984,outdoor
-84.55842,46.525974,outdoor
-84.558327,46.525966,outdoor
-84.55823,46.525959,outdoor
-84.558133,46.52595,outdoor
-84.558034,46.525942,outdoor
-84.557934,46.525937,outdoor
-84.557834,46.525934,outdoor
-84.557738,46.525928,outdoor
-84.55764,46.52592,outdoor
-84.557544,46.525915,outdoor
-84.557446,46.52591,outdoor
-84.557344,46.525903,outdoor
-84.557244,46.525893,outdoor
-84.557148,46.525882,outdoor
-84.557051,46.525871,outdoor
-84.556954,46.525869,outdoor
-84.556852,46.525867,outdoor
-84.556753,46.525862,outdoor
-84.556658,46.525856,outdoor
-84.556564,46.525848,outdoor
-84.55647,46.525842,outdoor
-84.55637,46.525836,outdoor
-84.556273,46.525828,outdoor
-84.556172,46.525816,outdoor
-84.556072,46.525807,outdoor
-84.555971,46.525799,outdoor
-84.555876,46.525792,outdoor
-84.555784,46.525787,outdoor
-84.555692,46.525781,outdoor
-84.555598,46.525774,outdoor
-84.555506,46.525767,outdoor
-84.555413,46.525762,outdoor
-84.555321,46.525757,outdoor
-84.555225,46.525749,outdoor
-84.555133,46.525742,outdoor
-84.555047,46.525735,outdoor
-84.554956,46.525727,outdoor
-84.554864,46.525719,outdoor
-84.554772,46.525712,outdoor
-84.554685,46.525706,outdoor
-84.554597,46.525702,outdoor
-84.554511,46.525698,outdoor
-84.554432,46.525695,outdoor
-84.554355,46.525694,outdoor
-84.55427,46.525696,outdoor
-84.55418,46.525695,outdoor
-84.554089,46.525694,outdoor
-84.554004,46.525692,outdoor
-84.553917,46.525693,outdoor
-84.553832,46.525696,outdoor
-84.553746,46.525697,outdoor
-84.553661,46.5257,outdoor
-84.553575,46.525705,outdoor
-84.553493,46.525714,outdoor
-84.553403,46.525722,outdoor
-84.553317,46.525733,outdoor
-84.553231,46.525745,outdoor
-84.553145,46.525754,outdoor
-84.55306,46.525766,outdoor
-84.552971,46.525775,outdoor
-84.552883,46.525785,outdoor
-84.552806,46.525804,outdoor
-84.552723,46.525823,outdoor
-84.552639,46.52584,outdoor
-84.552555,46.525862,outdoor
-84.552471,46.525882,outdoor
-84.552382,46.525906,outdoor
-84.552298,46.525928,outdoor
-84.552213,46.525952,outdoor
-84.552129,46.525977,outdoor
-84.552044,46.525998,outdoor
-84.551959,46.526021,outdoor
-84.551874,46.526045,outdoor
-84.551791,46.526066,outdoor
-84.551712,46.526087,outdoor
-84.551635,46.526112,outdoor
-84.551561,46.526139,outdoor
-84.551488,46.526167,outdoor
-84.551415,46.526196,outdoor
-84.551344,46.526227,outdoor
-84.551277,46.526258,outdoor
-84.5512,46.526292,outdoor
-84.551125,46.526325,outdoor
-84.551052,46.526355,outdoor
-84.550977,46.526386,outdoor
-84.550907,46.526414,outdoor
-84.550831,46.52645,outdoor
-84.550753,46.526479,outdoor
-84.550676,46.526506,outdoor
-84.550601,46.526534,outdoor
-84.550526,46.526558,outdoor
-84.55045,46.526586,outdoor
-84.550378,46.526613,outdoor
-84.550306,46.526644,outdoor
-84.550232,46.526677,outdoor
-84.550158,46.526706,outdoor
-84.550081,46.526735,outdoor
-84.550001,46.526769,outdoor
-84.549926,46.526802,outdoor
-84.549849,46.526837,outdoor
-84.549774,46.52687,outdoor
-84.549695,46.526902,outdoor
-84.549615,46.526931,outdoor
-84.549531,46.526963,outdoor
-84.549452,46.526995,outdoor
-84.549371,46.527027,outdoor
-84.549293,46.527056,outdoor
-84.549211,46.527085,outdoor
-84.549123,46.527116,outdoor
-84.549038,46.527145,outdoor
-84.548953,46.527175,outdoor
-84.548864,46.527208,outdoor
-84.548777,46.527239,outdoor
-84.548691,46.527265,outdoor
-84.548604,46.527288,outdoor
-84.54852,46.527311,outdoor
-84.54843,46.527337,outdoor
-84.548341,46.527361,outdoor
-84.548251,46.527384,outdoor
-84.548158,46.527408,outdoor
-84.548063,46.52743,outdoor
-84.547968,46.527448,outdoor
-84.547871,46.52747,outdoor
-84.547775,46.527496,outdoor
-84.547681,46.527517,outdoor
-84.54759,46.527533,outdoor
-84.547494,46.527543,outdoor
-84.547399,46.527552,outdoor
-84.547299,46.527559,outdoor
-84.547204,46.527567,outdoor
-84.547105,46.527577,outdoor
-84.547005,46.527585,outdoor
-84.546907,46.527594,outdoor
-84.546807,46.527598,outdoor
-84.546713,46.527599,outdoor
-84.546612,46.527597,outdoor
-84.546513,46.527597,outdoor
-84.546414,46.527596,outdoor
-84.546318,46.527596,outdoor
-84.546225,46.527596,outdoor
-84.546131,46.527595,outdoor
-84.546042,46.527597,outdoor
-84.545952,46.527598,outdoor
-84.545856,46.527599,outdoor
-84.545763,46.527599,outdoor
-84.545673,46.527598,outdoor
-84.545579,46.527596,outdoor
-84.545479,46.527594,outdoor
-84.545383,46.527593,outdoor
-84.545285,46.527593,outdoor
-84.545196,46.527591,outdoor
-84.545097,46.527592,outdoor
-84.544992,46.527591,outdoor
-84.544895,46.527589,outdoor
-84.544798,46.527587,outdoor
-84.544701,46.527581,outdoor
-84.544602,46.527582,outdoor
-84.544506,46.527582,outdoor
-84.544411,46.52758,outdoor
-84.544313,46.527576,outdoor
-84.544214,46.527572,outdoor
-84.544116,46.527573,outdoor
-84.544014,46.527574,outdoor
-84.543917,46.527576,outdoor
-84.543823,46.527579,outdoor
-84.543729,46.52758,outdoor
-84.543626,46.52758,outdoor
-84.543531,46.527581,outdoor
-84.543433,46.527583,outdoor
-84.543335,46.527588,outdoor
-84.543238,46.527589,outdoor
-84.543136,46.527587,outdoor
-84.543039,46.527586,outdoor
-84.542945,46.527581,outdoor
-84.54285,46.527576,outdoor
-84.542756,46.527574,outdoor
-84.542661,46.527575,outdoor
-84.542565,46.527576,outdoor
-84.542469,46.527578,outdoor
-84.542371,46.527579,outdoor
-84.542277,46.527578,outdoor
-84.54218,46.527576,outdoor
-84.54208,46.527576,outdoor
-84.54198,46.527578,outdoor
-84.54188,46.52758,outdoor
-84.541774,46.527581,outdoor
-84.541672,46.52758,outdoor
-84.54157,46.527579,outdoor
-84.541469,46.52758,outdoor
-84.54137,46.527581,outdoor
-84.541272,46.527583,outdoor
-84.54117,46.527585,outdoor
-84.541072,46.527586,outdoor
-84.540972,46.527587,outdoor
-84.540874,46.527589,outdoor
-84.540774,46.527591,outdoor
-84.540674,46.527591,outdoor
-84.540572,46.52759,outdoor
-84.540464,46.527588,outdoor
-84.540358,46.527588,outdoor
-84.540253,46.52759,outdoor
-84.540149,46.527591,outdoor
-84.540047,46.527592,outdoor
-84.539944,46.527592,outdoor
-84.53984,46.527593,outdoor
-84.539741,46.527593,outdoor
-84.53964,46.527592,outdoor
-84.53954,46.527592,outdoor
-84.539439,46.52759,outdoor
-84.539338,46.527591,outdoor
-84.539236,46.527592,outdoor
-84.539134,46.527591,outdoor
-84.539032,46.527589,outdoor
-84.538931,46.527588,outdoor
-84.538829,46.527588,outdoor
-84.538726,46.52759,outdoor
-84.538625,46.527589,outdoor
-84.538522,46.52759,outdoor
-84.538419,46.527591,outdoor
-84.538316,46.527593,outdoor
-84.538216,46.527593,outdoor
-84.538115,46.527593,outdoor
-84.538016,46.527593,outdoor
-84.537916,46.527594,outdoor
-84.537813,46.527597,outdoor
-84.537708,46.527599,outdoor
-84.537604,46.5276,outdoor
-84.537505,46.5276,outdoor
-84.537407,46.5276,outdoor
-84.537307,46.527601,outdoor
-84.53721,46.527599,outdoor
-84.537117,46.527598,outdoor
-84.537021,46.527598,outdoor
-84.536924,46.527599,outdoor
-84.536826,46.527602,outdoor
-84.536726,46.527606,outdoor
-84.536624,46.527613,outdoor
-84.536524,46.52762,outdoor
-84.536426,46.527628,outdoor
-84.53633,46.527636,outdoor
-84.536235,46.527646,outdoor
-84.53614,46.527656,outdoor
-84.536045,46.527668,outdoor
-84.535945,46.52768,outdoor
-84.535846,46.527696,outdoor
-84.535746,46.527716,outdoor
-84.535651,46.527735,outdoor
-84.53556,46.527754,outdoor
-84.535468,46.527773,outdoor
-84.535377,46.527792,outdoor
-84.535287,46.527814,outdoor
-84.535195,46.527836,outdoor
-84.5351,46.52786,outdoor
-84.535007,46.527886,outdoor
-84.534917,46.527913,outdoor
-84.534829,46.527944,outdoor
-84.534739,46.527976,outdoor
-84.53465,46.528009,outdoor
-84.534561,46.528042,outdoor
-84.534471,46.528075,outdoor
-84.534384,46.528109,outdoor
-84.534297,46.528144,outdoor
-84.534215,46.528178,outdoor
-84.534132,46.528216,outdoor
-84.534053,46.528256,outdoor
-84.533974,46.528296,outdoor
-84.533895,46.528337,outdoor
-84.533816,46.528378,outdoor
-84.533738,46.528422,outdoor
-84.533661,46.528467,outdoor
-84.533586,46.528515,outdoor
-84.533513,46.528566,outdoor
-84.533444,46.528612,outdoor
-84.533375,46.528655,outdoor
-84.533307,46.528702,outdoor
-84.533238,46.528749,outdoor
-84.533172,46.5288,outdoor
-84.533109,46.528855,outdoor
-84.533049,46.528913,outdoor
-84.532992,46.528966,outdoor
-84.532936,46.529026,outdoor
-84.532878,46.529087,outdoor
-84.532818,46.529146,outdoor
-84.532763,46.529204,outdoor
-84.532713,46.52926,outdoor
-84.532664,46.529318,outdoor
-84.532614,46.529376,outdoor
-84.532564,46.529433,outdoor
-84.532517,46.52949,outdoor
-84.532473,46.529549,outdoor
-84.53243,46.529607,outdoor
-84.53239,46.529669,outdoor
-84.532349,46.52973,outdoor
-84.532306,46.529792,outdoor
-84.532263,46.529853,outdoor
-84.53222,46.529913,outdoor
-84.532173,46.529973,outdoor
-84.532127,46.530026,outdoor
-84.532082,46.530087,outdoor
-84.532038,46.530149,outdoor
-84.531994,46.53021,outdoor
-84.531948,46.530272,outdoor
-84.5319,46.530335,outdoor
-84.531858,46.530392,outdoor
-84.531819,46.530448,outdoor
-84.531776,46.530507,outdoor
-84.531731,46.530567,outdoor
-84.531685,46.530632,outdoor
-84.53164,46.530698,outdoor
-84.531591,46.530765,outdoor
-84.531544,46.53083,outdoor
-84.531497,46.53089,outdoor
-84.531449,46.530948,outdoor
-84.531401,46.531005,outdoor
-84.531353,46.531064,outdoor
-84.531304,46.531125,outdoor
-84.531248,46.531185,outdoor
-84.531191,46.531244,outdoor
-84.531132,46.531298,outdoor
-84.531073,46.531348,outdoor
-84.531016,46.531399,outdoor
-84.530957,46.531449,outdoor
-84.530894,46.5315,outdoor
-84.530827,46.53155,outdoor
-84.530759,46.5316,outdoor
-84.530685,46.531651,outdoor
-84.530611,46.531698,outdoor
-84.530536,46.531748,outdoor
-84.53046,46.531797,outdoor
-84.530383,46.531844,outdoor
-84.530303,46.531894,outdoor
-84.530225,46.53194,outdoor
-84.530148,46.531985,outdoor
-84.53007,46.53203,outdoor
-84.52999,46.532074,outdoor
-84.529907,46.532121,outdoor
-84.529825,46.532168,outdoor
-84.529743,46.532214,outdoor
-84.529663,46.532258,outdoor
-84.529583,46.532298,outdoor
-84.529503,46.532327,outdoor
-84.529421,46.532361,outdoor
-84.529337,46.532391,outdoor
-84.529255,46.532419,outdoor
-84.529172,46.532446,outdoor
-84.529086,46.532476,outdoor
-84.528998,46.532512,outdoor
-84.528909,46.532545,outdoor
-84.528826,46.532575,outdoor
-84.528737,46.532603,outdoor
-84.528645,46.532629,outdoor
-84.528555,46.532653,outdoor
-84.528468,46.532675,outdoor
-84.528377,46.532696,outdoor
-84.528287,46.532717,outdoor
-84.528194,46.532738,outdoor
-84.528096,46.532757,outdoor
-84.528001,46.532775,outdoor
-84.527907,46.532791,outdoor
-84.527818,46.532807,outdoor
-84.527726,46.532824,outdoor
-84.527632,46.532841,outdoor
-84.527536,46.532855,outdoor
-84.52744,46.532866,outdoor
-84.527344,46.532874,outdoor
-84.527246,46.532881,outdoor
-84.52715,46.532888,outdoor
-84.527053,46.532895,outdoor
-84.526955,46.532902,outdoor
-84.526855,46.532909,outdoor
-84.526759,46.532914,outdoor
-84.526664,46.532917,outdoor
-84.526571,46.532919,outdoor
-84.526482,46.532919,outdoor
-84.526392,46.532918,outdoor
-84.526312,46.532918,outdoor
-84.526221,46.532913,outdoor
-84.526131,46.532908,outdoor
-84.526036,46.532901,outdoor
-84.525941,46.532891,outdoor
-84.525852,46.532881,outdoor
-84.525766,46.532872,outdoor
-84.525679,46.532863,outdoor
-84.525592,46.532853,outdoor
-84.525505,46.532843,outdoor
-84.525419,46.532835,outdoor
-84.525334,46.532828,outdoor
-84.52525,46.532819,outdoor
-84.525169,46.532811,outdoor
-84.525093,46.532803,outdoor
-84.525005,46.532796,outdoor
-84.524911,46.53279,outdoor
-84.524818,46.532783,outdoor
-84.524731,46.532775,outdoor
-84.524644,46.532767,outdoor
-84.524552,46.532758,outdoor
-84.524462,46.53275,outdoor
-84.524372,46.532742,outdoor
-84.524284,46.532734,outdoor
-84.524192,46.532725,outdoor
-84.524101,46.532716,outdoor
-84.524012,46.532707,outdoor
-84.523926,46.532697,outdoor
-84.52384,46.532687,outdoor
-84.523751,46.532678,outdoor
-84.523663,46.532672,outdoor
-84.523568,46.532666,outdoor
-84.523478,46.532657,outdoor
-84.523375,46.532647,outdoor
-84.523273,46.532637,outdoor
-84.523178,46.532627,outdoor
-84.523087,46.532617,outdoor
-84.522995,46.532608,outdoor
-84.522901,46.5326,outdoor
-84.522812,46.532595,outdoor
-84.522719,46.532587,outdoor
-84.522627,46.53258,outdoor
-84.522535,46.532573,outdoor
-84.52244,46.532567,outdoor
-84.522344,46.53256,outdoor
-84.522248,46.532554,outdoor
-84.522153,46.532549,outdoor
-84.522057,46.532545,outdoor
-84.52196,46.532541,outdoor
-84.521866,46.532539,outdoor
-84.521768,46.532538,outdoor
-84.521671,46.53254,outdoor
-84.521573,46.532544,outdoor
-84.521472,46.532549,outdoor
-84.52137,46.532555,outdoor
-84.521266,46.532563,outdoor
-84.521162,46.532572,outdoor
-84.521061,46.532582,outdoor
-84.520962,46.532594,outdoor
-84.520861,46.532606,outdoor
-84.520759,46.532617,outdoor
-84.520656,46.532628,outdoor
-84.520544,46.532638,outdoor
-84.520428,46.532647,outdoor
-84.520307,46.532657,outdoor
-84.520194,46.53267,outdoor
-84.520091,46.532682,outdoor
-84.519987,46.532698,outdoor
-84.519891,46.532711,outdoor
-84.519791,46.532721,outdoor
-84.519693,46.532732,outdoor
-84.519594,46.532745,outdoor
-84.519493,46.532758,outdoor
-84.519392,46.53277,outdoor
-84.519295,46.532782,outdoor
-84.519194,46.532793,outdoor
-84.51909,46.532803,outdoor
-84.518986,46.532812,outdoor
-84.518884,46.532821,outdoor
-84.518787,46.53283,outdoor
-84.518687,46.53284,outdoor
-84.518598,46.532851,outdoor
-84.518502,46.532863,outdoor
-84.518404,46.532873,outdoor
-84.518299,46.532885,outdoor
-84.518196,46.532899,outdoor
-84.518093,46.532911,outdoor
-84.517993,46.532923,outdoor
-84.517894,46.532934,outdoor
-84.517797,46.532946,outdoor
-84.517697,46.532957,outdoor
-84.517596,46.532965,outdoor
-84.517494,46.532974,outdoor
-84.517395,46.532984,outdoor
-84.517297,46.532994,outdoor
-84.517205,46.533002,outdoor
-84.517111,46.533012,outdoor
-84.517016,46.533023,outdoor
-84.516921,46.533034,outdoor
-84.516823,46.533044,outdoor
-84.516724,46.533053,outdoor
-84.516627,46.533064,outdoor
-84.51653,46.533075,outdoor
-84.516434,46.533087,outdoor
-84.516339,46.533101,outdoor
-84.516234,46.533112,outdoor
-84.516132,46.533122,outdoor
-84.516035,46.533133,outdoor
-84.515938,46.533142,outdoor
-84.515842,46.533151,outdoor
-84.515744,46.533163,outdoor
-84.515646,46.533174,outdoor
-84.515549,46.533186,outdoor
-84.515456,46.533196,outdoor
-84.515359,46.533208,outdoor
-84.51526,46.533219,outdoor
-84.515163,46.53323,outdoor
-84.515068,46.533242,outdoor
-84.514972,46.533256,outdoor
-84.51488,46.533266,outdoor
-84.514777,46.533277,outdoor
-84.514679,46.533283,outdoor
-84.514584,46.533287,outdoor
-84.514491,46.533301,outdoor
-84.514397,46.533314,outdoor
-84.514295,46.533327,outdoor
-84.514192,46.533337,outdoor
-84.514093,46.533346,outdoor
-84.513998,46.533355,outdoor
-84.513903,46.533366,outdoor
-84.513806,46.533378,outdoor
-84.513706,46.53339,outdoor
-84.513606,46.533401,outdoor
-84.513507,46.533412,outdoor
-84.513408,46.533423,outdoor
-84.513304,46.533434,outdoor
-84.513202,46.533445,outdoor
-84.513104,46.533454,outdoor
-84.513008,46.533465,outdoor
-84.512909,46.533477,outdoor
-84.512812,46.533487,outdoor
-84.512718,46.533498,outdoor
-84.512622,46.53351,outdoor
-84.51252,46.533522,outdoor
-84.512415,46.533533,outdoor
-84.512312,46.533544,outdoor
-84.512212,46.533554,outdoor
-84.512117,46.533564,outdoor
-84.512022,46.533571,outdoor
-84.511924,46.533578,outdoor
-84.511826,46.533588,outdoor
-84.511729,46.5336,outdoor
-84.511628,46.533612,outdoor
-84.511526,46.533624,outdoor
-84.511426,46.533635,outdoor
-84.511325,46.533643,outdoor
-84.511224,46.533652,outdoor
-84.511125,46.533662,outdoor
-84.511027,46.533674,outdoor
-84.510932,46.533686,outdoor
-84.510838,46.533698,outdoor
-84.510743,46.53371,outdoor
-84.510646,46.533721,outdoor
-84.510546,46.533733,outdoor
-84.510444,46.533746,outdoor
-84.510339,46.533759,outdoor
-84.510234,46.533768,outdoor
-84.510131,46.533775,outdoor
-84.51003,46.533783,outdoor
-84.509935,46.533794,outdoor
-84.509842,46.533805,outdoor
-84.509743,46.533817,outdoor
-84.509641,46.533825,outdoor
-84.509542,46.533832,outdoor
-84.509446,46.533842,outdoor
-84.509352,46.533854,outdoor
-84.509259,46.533867,outdoor
-84.509163,46.53388,outdoor
-84.509062,46.533891,outdoor
-84.508963,46.533902,outdoor
-84.508857,46.533913,outdoor
-84.508754,46.533924,outdoor
-84.508652,46.533936,outdoor
-84.508552,46.533948,outdoor
-84.508453,46.53396,outdoor
-84.508356,46.533972,outdoor
-84.508257,46.533984,outdoor
-84.508159,46.533995,outdoor
-84.508061,46.534008,outdoor
-84.507962,46.534018,outdoor
-84.507857,46.534029,outdoor
-84.507753,46.534039,outdoor
-84.507656,46.534052,outdoor
-84.507558,46.534065,outdoor
-84.507463,46.534081,outdoor
-84.507362,46.534095,outdoor
-84.507265,46.534112,outdoor
-84.507171,46.53413,outdoor
-84.507073,46.534151,outdoor
-84.506974,46.534171,outdoor
-84.506877,46.534196,outdoor
-84.506785,46.534225,outdoor
-84.50669,46.534254,outdoor
-84.506596,46.534291,outdoor
-84.506504,46.534327,outdoor
-84.506414,46.534363,outdoor
-84.506321,46.534395,outdoor
-84.506225,46.534427,outdoor
-84.506131,46.534459,outdoor
-84.506041,46.534493,outdoor
-84.505951,46.534528,outdoor
-84.505859,46.534563,outdoor
-84.505769,46.534597,outdoor
-84.505679,46.53463,outdoor
-84.505588,46.534661,outdoor
-84.505497,46.53469,outdoor
-84.505415,46.534722,outdoor
-84.505326,46.534749,outdoor
-84.505234,46.534775,outdoor
-84.505135,46.534798,outdoor
-84.505033,46.534817,outdoor
-84.504938,46.534835,outdoor
-84.504843,46.53485,outdoor
-84.504743,46.534862,outdoor
-84.50464,46.534873,outdoor
-84.504538,46.53488,outdoor
-84.504439,46.534884,outdoor
-84.504343,46.534886,outdoor
-84.504242,46.534886,outdoor
-84.504144,46.534885,outdoor
-84.504045,46.534888,outdoor
-84.503952,46.534889,outdoor
-84.503862,46.534889,outdoor
-84.503769,46.534887,outdoor
-84.503677,46.534885,outdoor
-84.503583,46.534883,outdoor
-84.503491,46.534882,outdoor
-84.503398,46.534879,outdoor
-84.503309,46.534879,outdoor
-84.503219,46.534879,outdoor
-84.50313,46.534879,outdoor
-84.503041,46.53488,outdoor
-84.502954,46.534879,outdoor
-84.502866,46.534877,outdoor
-84.502781,46.534876,outdoor
-84.502688,46.534877,outdoor
-84.502593,46.534877,outdoor
-84.502499,46.534878,outdoor
-84.502406,46.53488,outdoor
-84.502312,46.534881,outdoor
-84.502217,46.534883,outdoor
-84.502125,46.534884,outdoor
-84.502029,46.534885,outdoor
-84.501933,46.534885,outdoor
-84.501837,46.534883,outdoor
-84.501743,46.534881,outdoor
-84.50165,46.534881,outdoor
-84.501558,46.534881,outdoor
-84.501462,46.534881,outdoor
-84.501363,46.534882,outdoor
-84.501266,46.534886,outdoor
-84.501169,46.534887,outdoor
-84.501069,46.534887,outdoor
-84.500968,46.534886,outdoor
-84.500866,46.534887,outdoor
-84.500765,46.534886,outdoor
-84.500664,46.534886,outdoor
-84.500565,46.534887,outdoor
-84.50047,46.534888,outdoor
-84.500378,46.534887,outdoor
-84.500283,46.534887,outdoor
-84.500183,46.534887,outdoor
-84.500079,46.534887,outdoor
-84.499977,46.534886,outdoor
-84.499876,46.534888,outdoor
-84.499775,46.534887,outdoor
-84.499675,46.534885,outdoor
-84.499574,46.534883,outdoor
-84.499471,46.534882,outdoor
-84.499368,46.534882,outdoor
-84.499268,46.534881,outdoor
-84.499176,46.534881,outdoor
-84.499079,46.534882,outdoor
-84.498982,46.53488,outdoor
-84.498883,46.534879,outdoor
-84.498783,46.53488,outdoor
-84.498684,46.534881,outdoor
-84.498586,46.534883,outdoor
-84.49849,46.534883,outdoor
-84.498392,46.534883,outdoor
-84.498294,46.534884,outdoor
-84.498197,46.534885,outdoor
-84.498097,46.534886,outdoor
-84.497998,46.534887,outdoor
-84.497898,46.534887,outdoor
-84.497799,46.534887,outdoor
-84.497699,46.534889,outdoor
-84.497597,46.534888,outdoor
-84.497495,46.534888,outdoor
-84.497397,46.534888,outdoor
-84.497295,46.534889,outdoor
-84.497194,46.53489,outdoor
-84.497094,46.534891,outdoor
-84.496994,46.534891,outdoor
-84.496893,46.534891,outdoor
-84.496793,46.534892,outdoor
-84.496695,46.534894,outdoor
-84.496595,46.534894,outdoor
-84.496494,46.534894,outdoor
-84.496392,46.534893,outdoor
-84.496292,46.534893,outdoor
-84.49619,46.534894,outdoor
-84.496088,46.534895,outdoor
-84.495988,46.534892,outdoor
-84.49589,46.534889,outdoor
-84.495793,46.534888,outdoor
-84.495695,46.534888,outdoor
-84.495595,46.534889,outdoor
-84.495498,46.534889,outdoor
-84.495402,46.534889,outdoor
-84.495305,46.53489,outdoor
-84.495207,46.53489,outdoor
-84.495107,46.534891,outdoor
-84.49501,46.534891,outdoor
-84.494911,46.534892,outdoor
-84.494811,46.534892,outdoor
-84.49471,46.534893,outdoor
-84.494608,46.534893,outdoor
-84.494509,46.534894,outdoor
-84.49441,46.534894,outdoor
-84.494316,46.534893,outdoor
-84.494219,46.534892,outdoor
-84.494121,46.534892,outdoor
-84.494022,46.534893,outdoor
-84.493922,46.534894,outdoor
-84.493822,46.534897,outdoor
-84.493722,46.534899,outdoor
-84.49362,46.534899,outdoor
-84.49352,46.534896,outdoor
-84.493419,46.534893,outdoor
-84.493319,46.534892,outdoor
-84.493219,46.534891,outdoor
-84.49312,46.534889,outdoor
-84.493021,46.534889,outdoor
-84.49292,46.53489,outdoor
-84.492819,46.534892,outdoor
-84.492715,46.534892,outdoor
-84.492608,46.534893,outdoor
-84.492507,46.534895,outdoor
-84.492408,46.534896,outdoor
-84.492315,46.534898,outdoor
-84.492213,46.534899,outdoor
-84.492111,46.534901,outdoor
-84.492011,46.534903,outdoor
-84.491908,46.534904,outdoor
-84.491804,46.534904,outdoor
-84.491705,46.534903,outdoor
-84.491603,46.534902,outdoor
-84.491506,46.5349,outdoor
-84.491407,46.534898,outdoor
-84.491302,46.534898,outdoor
-84.491203,46.534899,outdoor
-84.491098,46.5349,outdoor
-84.490998,46.5349,outdoor
-84.490894,46.534899,outdoor
-84.490792,46.534897,outdoor
-84.490691,46.534898,outdoor
-84.490587,46.534898,outdoor
-84.490485,46.534897,outdoor
-84.490384,46.534896,outdoor
-84.490283,46.534896,outdoor
-84.49018,46.534899,outdoor
-84.490076,46.5349,outdoor
-84.489975,46.5349,outdoor
-84.489876,46.534901,outdoor
-84.489775,46.534902,outdoor
-84.489675,46.534902,outdoor
-84.489574,46.534901,outdoor
-84.489474,46.534902,outdoor
-84.489372,46.534903,outdoor
-84.489267,46.534904,outdoor
-84.489166,46.534903,outdoor
-84.489065,46.534902,outdoor
-84.488966,46.534902,outdoor
-84.488867,46.534903,outdoor
-84.488766,46.534903,outdoor
-84.488664,46.534904,outdoor
-84.488564,46.534905,outdoor
-84.488465,46.534906,outdoor
-84.488365,46.534907,outdoor
-84.488263,46.534909,outdoor
-84.488163,46.534909,outdoor
-84.488066,46.534908,outdoor
-84.48797,46.534907,outdoor
-84.487868,46.534907,outdoor
-84.487767,46.534908,outdoor
-84.487666,46.534908,outdoor
-84.487565,46.534908,outdoor
-84.487465,46.534907,outdoor
-84.487365,46.534907,outdoor
-84.487267,46.534907,outdoor
-84.487168,46.534908,outdoor
-84.487067,46.534908,outdoor
-84.486964,46.534909,outdoor
-84.486861,46.53491,outdoor
-84.48676,46.534906,outdoor
-84.486664,46.5349,outdoor
-84.486566,46.534894,outdoor
-84.486465,46.534891,outdoor
-84.486364,46.534889,outdoor
-84.486266,46.534893,outdoor
-84.48617,46.534898,outdoor
-84.486076,46.5349,outdoor
-84.485979,46.5349,outdoor
-84.485881,46.534899,outdoor
-84.485784,46.534898,outdoor
-84.485688,46.534898,outdoor
-84.485591,46.534896,outdoor
-84.485493,46.534891,outdoor
-84.485397,46.534882,outdoor
-84.485301,46.534874,outdoor
-84.485205,46.534866,outdoor
-84.485109,46.534861,outdoor
-84.485015,46.534862,outdoor
-84.48492,46.534865,outdoor
-84.484823,46.534868,outdoor
-84.484724,46.534871,outdoor
-84.484626,46.534875,outdoor
-84.484527,46.534877,outdoor
-84.484429,46.534881,outdoor
-84.484329,46.534884,outdoor
-84.484232,46.534888,outdoor
-84.484137,46.534892,outdoor
-84.484042,46.534893,outdoor
-84.483948,46.534894,outdoor
-84.483854,46.534896,outdoor
-84.483758,46.534899,outdoor
-84.483663,46.534903,outdoor
-84.483569,46.534904,outdoor
-84.483479,46.534896,outdoor
-84.4834,46.534875,outdoor
-84.483329,46.534842,outdoor
-84.483265,46.534811,outdoor
-84.483201,46.534788,outdoor
-84.48313,46.534776,outdoor
-84.483053,46.534774,outdoor
-84.482973,46.53478,outdoor
-84.482898,46.534787,outdoor
-84.482842,46.534787,outdoor
-84.482812,46.534782,outdoor
-84.482807,46.534782,outdoor
-84.482803,46.534781,outdoor
-84.482799,46.534781,outdoor
-84.482795,46.53478,outdoor
-84.48279,46.534779,outdoor
-84.482786,46.534779,outdoor
-84.482782,46.534778,outdoor
-84.482778,46.534777,outdoor
-84.482773,46.534777,outdoor
-84.482769,46.534776,outdoor
-84.482765,46.534776,outdoor
-84.482761,46.534775,outdoor
-84.482756,46.534774,outdoor
-84.482752,46.534774,outdoor
-84.482748,46.534773,outdoor
-84.482697,46.534777,outdoor
-84.482647,46.534776,outdoor
-84.482601,46.534771,outdoor
-84.482561,46.53476,outdoor
-84.482511,46.534754,outdoor
-84.482451,46.534756,outdoor
-84.482388,46.534772,outdoor
-84.482332,46.534799,outdoor
-84.482285,46.534831,outdoor
-84.482255,46.534864,outdoor
-84.482217,46.534899,outdoor
-84.482165,46.534921,outdoor
-84.482097,46.534927,outdoor
-84.482013,46.534913,outdoor
-84.481912,46.534901,outdoor
-84.481812,46.534896,outdoor
-84.481709,46.534896,outdoor
-84.481606,46.534896,outdoor
-84.481507,46.534895,outdoor
-84.481404,46.534893,outdoor
-84.481305,46.534893,outdoor
-84.481203,46.534894,outdoor
-84.481098,46.534894,outdoor
-84.480995,46.534895,outdoor
-84.480888,46.534895,outdoor
-84.48078,46.534894,outdoor
-84.480675,46.534893,outdoor
-84.480573,46.534891,outdoor
-84.480473,46.534891,outdoor
-84.480371,46.534891,outdoor
-84.480268,46.534893,outdoor
-84.480163,46.534892,outdoor
-84.480057,46.53489,outdoor
-84.479952,46.534889,outdoor
-84.479848,46.53489,outdoor
-84.479746,46.534892,outdoor
-84.47964,46.534894,outdoor
-84.479537,46.534895,outdoor
-84.479436,46.534894,outdoor
-84.479334,46.534894,outdoor
-84.479232,46.534896,outdoor
-84.479127,46.534897,outdoor
-84.479025,46.534897,outdoor
-84.478923,46.534898,outdoor
-84.47882,46.534897,outdoor
-84.478717,46.534894,outdoor
-84.478617,46.534893,outdoor
-84.478516,46.534893,outdoor
-84.478415,46.534894,outdoor
-84.478311,46.534894,outdoor
-84.47821,46.534893,outdoor
-84.478113,46.534892,outdoor
-84.478014,46.53489,outdoor
-84.477912,46.53489,outdoor
-84.477805,46.534889,outdoor
-84.477699,46.534889,outdoor
-84.477595,46.534888,outdoor
-84.47749,46.534886,outdoor
-84.477387,46.534884,outdoor
-84.477287,46.534885,outdoor
-84.477185,46.534886,outdoor
-84.47708,46.534886,outdoor
-84.476978,46.534886,outdoor
-84.476879,46.534887,outdoor
-84.476781,46.534887,outdoor
-84.47668,46.534886,outdoor
-84.476577,46.534884,outdoor
-84.476476,46.534882,outdoor
-84.476375,46.534884,outdoor
-84.476272,46.534884,outdoor
-84.476172,46.534884,outdoor
-84.476075,46.534883,outdoor
-84.475978,46.534882,outdoor
-84.475878,46.534881,outdoor
-84.475775,46.534879,outdoor
-84.475675,46.534879,outdoor
-84.475578,46.534881,outdoor
-84.47548,46.534883,outdoor
-84.475379,46.534884,outdoor
-84.475273,46.534885,outdoor
-84.47517,46.534885,outdoor
-84.475068,46.534886,outdoor
-84.47497,46.534887,outdoor
-84.474872,46.534887,outdoor
-84.474771,46.534886,outdoor
-84.47467,46.534885,outdoor
-84.47457,46.534884,outdoor
-84.474475,46.534882,outdoor
-84.474371,46.53488,outdoor
-84.474273,46.534879,outdoor
-84.474171,46.534879,outdoor
-84.474069,46.534879,outdoor
-84.473964,46.53488,outdoor
-84.47386,46.53488,outdoor
-84.473758,46.534879,outdoor
-84.473658,46.534879,outdoor
-84.473555,46.534879,outdoor
-84.47345,46.534879,outdoor
-84.473345,46.53488,outdoor
-84.473241,46.53488,outdoor
-84.473137,46.53488,outdoor
-84.473034,46.534879,outdoor
-84.472927,46.534876,outdoor
-84.472826,46.534875,outdoor
-84.472727,46.534876,outdoor
-84.472627,46.534877,outdoor
-84.472532,46.534879,outdoor
-84.472437,46.534881,outdoor
-84.472337,46.534881,outdoor
-84.472237,46.53488,outdoor
-84.472136,46.534878,outdoor
-84.472038,46.534877,outdoor
-84.471942,46.534877,outdoor
-84.471844,46.534876,outdoor
-84.471745,46.534875,outdoor
-84.471646,46.534874,outdoor
-84.471547,46.534874,outdoor
-84.471451,46.534874,outdoor
-84.471356,46.534875,outdoor
-84.47126,46.534876,outdoor
-84.471162,46.534876,outdoor
-84.471065,46.534877,outdoor
-84.470969,46.534877,outdoor
-84.470874,46.534878,outdoor
-84.470779,46.534878,outdoor
-84.470684,46.534878,outdoor
-84.470589,46.534878,outdoor
-84.470489,46.534877,outdoor
-84.470392,46.534876,outdoor
-84.470296,46.534876,outdoor
-84.470202,46.534877,outdoor
-84.470106,46.534877,outdoor
-84.470007,46.534877,outdoor
-84.469914,46.534876,outdoor
-84.469814,46.534875,outdoor
-84.469717,46.534875,outdoor
-84.46963,46.534879,outdoor
-84.46953,46.534876,outdoor
-84.469431,46.534877,outdoor
-84.469334,46.534878,outdoor
-84.46924,46.53488,outdoor
-84.469147,46.534881,outdoor
-84.469054,46.534882,outdoor
-84.468962,46.534884,outdoor
-84.46887,46.534885,outdoor
-84.468776,46.534887,outdoor
-84.468682,46.534892,outdoor
-84.468589,46.534892,outdoor
-84.468494,46.534891,outdoor
-84.468402,46.534893,outdoor
-84.468308,46.534896,outdoor
-84.468208,46.5349,outdoor
-84.468103,46.534903,outdoor
-84.468,46.534903,outdoor
-84.467902,46.534905,outdoor
-84.467807,46.534908,outdoor
-84.467708,46.534911,outdoor
-84.467608,46.534912,outdoor
-84.46751,46.534916,outdoor
-84.467413,46.53492,outdoor
-84.467316,46.534924,outdoor
-84.467215,46.534928,outdoor
-84.467114,46.53493,outdoor
-84.467013,46.534937,outdoor
-84.466915,46.534942,outdoor
-84.46682,46.534947,outdoor
-84.466723,46.534953,outdoor
-84.466626,46.534956,outdoor
-84.466527,46.534958,outdoor
-84.466428,46.534958,outdoor
-84.466331,46.534956,outdoor
-84.466233,46.534957,outdoor
-84.466135,46.534961,outdoor
-84.466033,46.534966,outdoor
-84.465932,46.53497,outdoor
-84.465835,46.534974,outdoor
-84.465736,46.534978,outdoor
-84.465633,46.53498,outdoor
-84.465528,46.534982,outdoor
-84.46543,46.534985,outdoor
-84.465331,46.534989,outdoor
-84.465231,46.534993,outdoor
-84.465131,46.534997,outdoor
-84.465036,46.535,outdoor
-84.464941,46.535003,outdoor
-84.464843,46.535005,outdoor
-84.464744,46.535009,outdoor
-84.464644,46.535012,outdoor
-84.464541,46.535015,outdoor
-84.46444,46.535017,outdoor
-84.464338,46.535021,outdoor
-84.464237,46.535024,outdoor
-84.464136,46.535026,outdoor
-84.464035,46.535026,outdoor
-84.463935,46.535029,outdoor
-84.463834,46.535033,outdoor
-84.463734,46.535037,outdoor
-84.463636,46.53504,outdoor
-84.463537,46.535042,outdoor
-84.463438,46.535044,outdoor
-84.463337,46.535047,outdoor
-84.463236,46.53505,outdoor
-84.463135,46.535053,outdoor
-84.463038,46.535056,outdoor
-84.462938,46.535058,outdoor
-84.462837,46.535059,outdoor
-84.46274,46.535061,outdoor
-84.462643,46.535063,outdoor
-84.462543,46.535065,outdoor
-84.462446,46.535068,outdoor
-84.46235,46.535072,outdoor
-84.462252,46.535074,outdoor
-84.462156,46.535074,outdoor
-84.462059,46.535074,outdoor
-84.461962,46.535077,outdoor
-84.461865,46.535081,outdoor
-84.461767,46.535084,outdoor
-84.46167,46.535087,outdoor
-84.461574,46.535089,outdoor
-84.461481,46.53509,outdoor
-84.461386,46.535092,outdoor
-84.461288,46.535095,outdoor
-84.461186,46.535098,outdoor
-84.461083,46.5351,outdoor
-84.460984,46.535103,outdoor
-84.460886,46.535106,outdoor
-84.460789,46.53511,outdoor
-84.460688,46.535113,outdoor
-84.460589,46.535115,outdoor
-84.460492,46.535116,outdoor
-84.460397,46.535117,outdoor
-84.460302,46.535118,outdoor
-84.460205,46.53512,outdoor
-84.460107,46.535122,outdoor
-84.460011,46.535124,outdoor
-84.459919,46.535127,outdoor
-84.459823,46.53513,outdoor
-84.459727,46.535133,outdoor
-84.459626,46.535136,outdoor
-84.459526,46.535136,outdoor
-84.45943,46.535138,outdoor
-84.459335,46.535141,outdoor
-84.45924,46.535145,outdoor
-84.459141,46.535148,outdoor
-84.459038,46.53515,outdoor
-84.458938,46.535152,outdoor
-84.458841,46.535155,outdoor
-84.458744,46.535158,outdoor
-84.458642,46.535161,outdoor
-84.458537,46.535162,outdoor
-84.458434,46.535163,outdoor
-84.458332,46.535165,outdoor
-84.458229,46.535168,outdoor
-84.458122,46.535171,outdoor
-84.458021,46.535173,outdoor
-84.457924,46.535175,outdoor
-84.457828,46.535177,outdoor
-84.457729,46.53518,outdoor
-84.457625,46.535182,outdoor
-84.457521,46.535184,outdoor
-84.457422,46.535187,outdoor
-84.457323,46.535189,outdoor
-84.457223,46.535192,outdoor
-84.457124,46.535194,outdoor
-84.457025,46.535196,outdoor
-84.456924,46.535198,outdoor
-84.456822,46.535201,outdoor
-84.45672,46.535203,outdoor
-84.45662,46.535205,outdoor
-84.456519,46.535207,outdoor
-84.456418,46.53521,outdoor
-84.456315,46.535213,outdoor
-84.456213,46.535214,outdoor
-84.456115,46.535217,outdoor
-84.456011,46.535222,outdoor
-84.455909,46.535226,outdoor
-84.455809,46.535229,outdoor
-84.455709,46.535232,outdoor
-84.45561,46.535235,outdoor
-84.455509,46.535237,outdoor
-84.455404,46.535239,outdoor
-84.455304,46.535241,outdoor
-84.455208,46.535242,outdoor
-84.455112,46.535244,outdoor
-84.455012,46.535246,outdoor
-84.454912,46.535246,outdoor
-84.45481,46.535245,outdoor
-84.45472,46.535248,outdoor
-84.454621,46.535249,outdoor
-84.454524,46.535251,outdoor
-84.454425,46.535254,outdoor
-84.454324,46.535259,outdoor
-84.45422,46.535263,outdoor
-84.454117,46.535265,outdoor
-84.454014,46.535264,outdoor
-84.453913,46.535265,outdoor
-84.453815,46.535267,outdoor
-84.453716,46.535272,outdoor
-84.453615,46.535276,outdoor
-84.453514,46.535278,outdoor
-84.453416,46.535279,outdoor
-84.453315,46.535279,outdoor
-84.45321,46.535278,outdoor
-84.453105,46.535278,outdoor
-84.453004,46.535282,outdoor
-84.452912,46.535288,outdoor
-84.452821,46.535292,outdoor
-84.452726,46.535297,outdoor
-84.452627,46.535302,outdoor
-84.452528,46.535306,outdoor
-84.452431,46.535308,outdoor
-84.452338,46.53531,outdoor
-84.45225,46.535312,outdoor
-84.452156,46.535314,outdoor
-84.452056,46.535318,outdoor
-84.451952,46.535323,outdoor
-84.45185,46.535325,outdoor
-84.451754,46.535326,outdoor
-84.451657,46.53533,outdoor
-84.451557,46.535334,outdoor
-84.451458,46.535337,outdoor
-84.451359,46.535338,outdoor
-84.451262,46.53534,outdoor
-84.451167,46.535342,outdoor
-84.451067,46.535343,outdoor
-84.450968,46.535346,outdoor
-84.450872,46.535348,outdoor
-84.450778,46.53535,outdoor
-84.450682,46.535352,outdoor
-84.450585,46.535354,outdoor
-84.450486,46.535357,outdoor
-84.45039,46.535358,outdoor
-84.450295,46.535358,outdoor
-84.450201,46.53536,outdoor
-84.450107,46.535361,outdoor
-84.450013,46.535362,outdoor
-84.449918,46.535362,outdoor
-84.449821,46.535363,outdoor
-84.449725,46.535364,outdoor
-84.449635,46.535365,outdoor
-84.449545,46.535367,outdoor
-84.449453,46.535369,outdoor
-84.449355,46.53537,outdoor
-84.449257,46.535373,outdoor
-84.449158,46.535375,outdoor
-84.449061,46.535377,outdoor
-84.448965,46.53538,outdoor
-84.448867,46.535383,outdoor
-84.448768,46.535387,outdoor
-84.448669,46.53539,outdoor
-84.448571,46.535393,outdoor
-84.448477,46.535395,outdoor
-84.448387,46.535398,outdoor
-84.448295,46.535403,outdoor
-84.448195,46.535408,outdoor
-84.448095,46.535411,outdoor
-84.447996,46.535413,outdoor
-84.4479,46.535414,outdoor
-84.447805,46.535415,outdoor
-84.447708,46.535416,outdoor
-84.447611,46.535418,outdoor
-84.447515,46.53542,outdoor
-84.447418,46.535421,outdoor
-84.447323,46.535424,outdoor
-84.447225,46.535428,outdoor
-84.44713,46.535433,outdoor
-84.447034,46.535438,outdoor
-84.446937,46.53544,outdoor
-84.446842,46.535442,outdoor
-84.446749,46.535444,outdoor
-84.446659,46.535447,outdoor
-84.446571,46.535449,outdoor
-84.446482,46.535451,outdoor
-84.446391,46.535452,outdoor
-84.446299,46.535453,outdoor
-84.446207,46.535454,outdoor
-84.446116,46.535456,outdoor
-84.446026,46.535458,outdoor
-84.445938,46.53546,outdoor
-84.445848,46.535461,outdoor
-84.44576,46.53546,outdoor
-84.445676,46.53546,outdoor
-84.445588,46.535462,outdoor
-84.445492,46.535464,outdoor
-84.445398,46.535467,outdoor
-84.445303,46.535471,outdoor
-84.445208,46.535473,outdoor
-84.445116,46.535476,outdoor
-84.445021,46.535479,outdoor
-84.444929,46.535482,outdoor
-84.444835,46.535485,outdoor
-84.44474,46.535488,outdoor
-84.444641,46.535488,outdoor
-84.444542,46.535489,outdoor
-84.444443,46.535491,outdoor
-84.444348,46.535494,outdoor
-84.444253,46.535497,outdoor
-84.444159,46.535501,outdoor
-84.444064,46.535504,outdoor
-84.443964,46.535506,outdoor
-84.443867,46.535507,outdoor
-84.443771,46.535511,outdoor
-84.443674,46.535514,outdoor
-84.443574,46.535517,outdoor
-84.443476,46.535518,outdoor
-84.443378,46.535517,outdoor
-84.443282,46.535518,outdoor
-84.443187,46.535522,outdoor
-84.443091,46.535527,outdoor
-84.44299,46.535531,outdoor
-84.442888,46.535535,outdoor
-84.44279,46.535537,outdoor
-84.442692,46.53554,outdoor
-84.442592,46.535543,outdoor
-84.442491,46.535546,outdoor
-84.442388,46.535549,outdoor
-84.442289,46.535552,outdoor
-84.442191,46.535555,outdoor
-84.442089,46.535559,outdoor
-84.441987,46.535562,outdoor
-84.441885,46.535562,outdoor
-84.441785,46.535562,outdoor
-84.441683,46.535565,outdoor
-84.44158,46.535567,outdoor
-84.441479,46.535571,outdoor
-84.441376,46.535576,outdoor
-84.441272,46.535581,outdoor
-84.441168,46.535584,outdoor
-84.441065,46.535586,outdoor
-84.440967,46.535586,outdoor
-84.440867,46.535586,outdoor
-84.440765,46.535588,outdoor
-84.440661,46.535592,outdoor
-84.440558,46.535597,outdoor
-84.440458,46.535601,outdoor
-84.440358,46.535603,outdoor
-84.440255,46.535604,outdoor
-84.440152,46.535606,outdoor
-84.440052,46.535609,outdoor
-84.439949,46.53561,outdoor
-84.439847,46.535611,outdoor
-84.439743,46.535613,outdoor
-84.439641,46.535616,outdoor
-84.439538,46.53562,outdoor
-84.439434,46.535621,outdoor
-84.439333,46.535621,outdoor
-84.439234,46.535623,outdoor
-84.439134,46.535625,outdoor
-84.439032,46.535628,outdoor
-84.438932,46.53563,outdoor
-84.438831,46.535633,outdoor
-84.438733,46.535636,outdoor
-84.438631,46.535637,outdoor
-84.438528,46.535639,outdoor
-84.438426,46.535643,outdoor
-84.438325,46.535648,outdoor
-84.438222,46.535652,outdoor
-84.43812,46.535655,outdoor
-84.438019,46.535656,outdoor
-84.437919,46.535658,outdoor
-84.437815,46.53566,outdoor
-84.43771,46.53566,outdoor
-84.437609,46.535662,outdoor
-84.43751,46.535666,outdoor
-84.437411,46.535669,outdoor
-84.437308,46.53567,outdoor
-84.437205,46.535671,outdoor
-84.437104,46.535675,outdoor
-84.437007,46.535679,outdoor
-84.436906,46.535684,outdoor
-84.436806,46.535689,outdoor
-84.436705,46.535692,outdoor
-84.436609,46.535692,outdoor
-84.436513,46.535693,outdoor
-84.436417,46.535693,outdoor
-84.436318,46.535695,outdoor
-84.436219,46.535697,outdoor
-84.436123,46.5357,outdoor
-84.436027,46.535702,outdoor
-84.435933,46.535704,outdoor
-84.435834,46.535706,outdoor
-84.435736,46.535709,outdoor
-84.435638,46.535712,outdoor
-84.435543,46.535714,outdoor
-84.435446,46.535717,outdoor
-84.435349,46.535718,outdoor
-84.435253,46.535719,outdoor
-84.435157,46.53572,outdoor
-84.43506,46.535724,outdoor
-84.434962,46.535726,outdoor
-84.434864,46.535729,outdoor
-84.434767,46.535731,outdoor
-84.434669,46.535732,outdoor
-84.43457,46.535732,outdoor
-84.434474,46.535735,outdoor
-84.434374,46.535736,outdoor
-84.434275,46.535739,outdoor
-84.434176,46.535741,outdoor
-84.434076,46.535743,outdoor
-84.433976,46.535745,outdoor
-84.433876,46.535747,outdoor
-84.433775,46.53575,outdoor
-84.433674,46.535751,outdoor
-84.433575,46.535754,outdoor
-84.433474,46.535759,outdoor
-84.43337,46.535763,outdoor
-84.433266,46.535765,outdoor
-84.433166,46.535768,outdoor
-84.433065,46.535773,outdoor
-84.432961,46.535777,outdoor
-84.432857,46.535778,outdoor
-84.432755,46.53578,outdoor
-84.432654,46.535782,outdoor
-84.432552,46.535785,outdoor
-84.432448,46.535786,outdoor
-84.432346,46.535786,outdoor
-84.432248,46.535789,outdoor
-84.432146,46.535792,outdoor
-84.432043,46.535796,outdoor
-84.431941,46.535798,outdoor
-84.431847,46.535802,outdoor
-84.431751,46.535805,outdoor
-84.431648,46.535807,outdoor
-84.431543,46.535808,outdoor
-84.431442,46.53581,outdoor
-84.431345,46.535812,outdoor
-84.431248,46.535813,outdoor
-84.431148,46.535814,outdoor
-84.431048,46.535814,outdoor
-84.430948,46.535815,outdoor
-84.430847,46.535816,outdoor
-84.430743,46.535818,outdoor
-84.430638,46.535821,outdoor
-84.430535,46.535826,outdoor
-84.430436,46.535832,outdoor
-84.430333,46.535838,outdoor
-84.430228,46.535841,outdoor
-84.430125,46.535842,outdoor
-84.430025,46.535842,outdoor
-84.429925,46.535844,outdoor
-84.429822,46.535845,outdoor
-84.429719,46.535846,outdoor
-84.429617,46.535849,outdoor
-84.429512,46.535852,outdoor
-84.429406,46.535855,outdoor
-84.429302,46.535856,outdoor
-84.429195,46.535855,outdoor
-84.429086,46.535855,outdoor
-84.428975,46.535856,outdoor
-84.428865,46.535859,outdoor
-84.428754,46.535863,outdoor
-84.428641,46.535865,outdoor
-84.428532,46.535869,outdoor
-84.428427,46.535871,outdoor
-84.42832,46.535871,outdoor
-84.428212,46.535873,outdoor
-84.428108,46.535876,outdoor
-84.428001,46.535877,outdoor
-84.427897,46.535879,outdoor
-84.427795,46.535879,outdoor
-84.427691,46.535883,outdoor
-84.427582,46.535887,outdoor
-84.427477,46.53589,outdoor
-84.427375,46.535893,outdoor
-84.427271,46.535896,outdoor
-84.427166,46.535897,outdoor
-84.427063,46.535897,outdoor
-84.426963,46.5359,outdoor
-84.42686,46.535902,outdoor
-84.426756,46.535903,outdoor
-84.426655,46.535904,outdoor
-84.426556,46.535905,outdoor
-84.426455,46.535908,outdoor
-84.426351,46.53591,outdoor
-84.42625,46.535913,outdoor
-84.426151,46.535917,outdoor
-84.426052,46.535919,outdoor
-84.425951,46.535919,outdoor
-84.425851,46.535918,outdoor
-84.42575,46.535918,outdoor
-84.425643,46.535919,outdoor
-84.425538,46.535922,outdoor
-84.425435,46.535923,outdoor
-84.425339,46.535923,outdoor
-84.425246,46.535924,outdoor
-84.425152,46.535926,outdoor
-84.425064,46.53593,outdoor
-84.424982,46.535933,outdoor
-84.4249,46.535935,outdoor
-84.424821,46.535934,outdoor
-84.424744,46.535933,outdoor
-84.424671,46.535933,outdoor
-84.424608,46.535934,outdoor
-84.424545,46.535931,outdoor
-84.424484,46.535923,outdoor
-84.424443,46.535901,outdoor
-84.424434,46.535873,outdoor
-84.424433,46.535842,outdoor
-84.424429,46.535808,outdoor
-84.424429,46.535774,outdoor
-84.424429,46.535741,outdoor
-84.424432,46.535703,outdoor
-84.424433,46.53569,outdoor
-84.424433,46.535649,outdoor
-84.424433,46.535633,outdoor
-84.424422,46.535597,outdoor
-84.424414,46.535564,outdoor
-84.424412,46.535537,outdoor
-84.424395,46.535513,outdoor
-84.424377,46.535512,outdoor
-84.424362,46.535518,outdoor
-84.424355,46.535539,outdoor
-84.424367,46.535579,outdoor
-84.424383,46.535625,outdoor
-84.424396,46.535671,outdoor
-84.424404,46.535717,outdoor
-84.424408,46.535766,outdoor
-84.424406,46.53581,outdoor
-84.424392,46.535846,outdoor
-84.424381,46.535873,outdoor
-84.424366,46.535909,outdoor
-84.424361,46.535921,outdoor
-84.424332,46.535948,outdoor
-84.424322,46.535955,outdoor
-84.424268,46.535952,outdoor
-84.424247,46.535945,outdoor
-84.424205,46.535924,outdoor
-84.424163,46.535911,outdoor
-84.424115,46.535919,outdoor
-84.424102,46.535924,outdoor
-84.424084,46.535934,outdoor
-84.424071,46.535948,outdoor
-84.424074,46.535958,outdoor
-84.424092,46.535982,outdoor
-84.424141,46.536023,outdoor
-84.424229,46.536054,outdoor
-84.424329,46.536078,outdoor
-84.424407,46.536109,outdoor
-84.424455,46.536153,outdoor
-84.42447,46.536206,outdoor
-84.424466,46.536273,outdoor
-84.424443,46.536349,outdoor
-84.424425,46.53642,outdoor
-84.424414,46.536565,outdoor
-84.424412,46.536633,outdoor
-84.424413,46.536706,outdoor
-84.424417,46.536781,outdoor
-84.424422,46.53685,outdoor
-84.424424,46.536913,outdoor
-84.424429,46.53698,outdoor
-84.424438,46.537045,outdoor
-84.424446,46.537111,outdoor
-84.424447,46.537178,outdoor
-84.424447,46.537244,outdoor
-84.424455,46.537311,outdoor
-84.424464,46.537378,outdoor
-84.42447,46.537442,outdoor
-84.424472,46.537509,outdoor
-84.424477,46.537577,outdoor
-84.424485,46.537643,outdoor
-84.424491,46.537709,outdoor
-84.424496,46.537773,outdoor
-84.424497,46.537836,outdoor
-84.424496,46.537901,outdoor
-84.424493,46.537968,outdoor
-84.424489,46.538037,outdoor
-84.424489,46.538104,outdoor
-84.424489,46.538172,outdoor
-84.424493,46.53824,outdoor
-84.424497,46.538308,outdoor
-84.424501,46.538375,outdoor
-84.424505,46.538444,outdoor
-84.424511,46.538512,outdoor
-84.424515,46.538578,outdoor
-84.424519,46.538643,outdoor
-84.424524,46.538708,outdoor
-84.424529,46.538775,outdoor
-84.424529,46.538845,outdoor
-84.424532,46.538913,outdoor
-84.424536,46.538981,outdoor
-84.424539,46.539048,outdoor
-84.424542,46.539111,outdoor
-84.424545,46.539173,outdoor
-84.424551,46.539236,outdoor
-84.424558,46.539297,outdoor
-84.424561,46.539357,outdoor
-84.424561,46.539418,outdoor
-84.42456,46.53948,outdoor
-84.42456,46.539545,outdoor
-84.42456,46.539607,outdoor
-84.424561,46.539671,outdoor
-84.424561,46.539731,outdoor
-84.424563,46.539794,outdoor
-84.424568,46.539853,outdoor
-84.424575,46.53991,outdoor
-84.424581,46.539964,outdoor
-84.424585,46.54002,outdoor
-84.424588,46.540075,outdoor
-84.424589,46.540128,outdoor
-84.424588,46.540174,outdoor
-84.424587,46.540217,outdoor
-84.424585,46.540263,outdoor
-84.424585,46.54031,outdoor
-84.424588,46.540353,outdoor
-84.424592,46.54039,outdoor
-84.424581,46.540421,outdoor
-84.424575,46.540427,outdoor
-84.424567,46.540421,outdoor
-84.424565,46.540412,outdoor
-84.424568,46.540404,outdoor
-84.424571,46.5404,outdoor
-84.424571,46.540401,outdoor
-84.424571,46.540402,outdoor
-84.424571,46.540402,outdoor
-84.424571,46.540402,outdoor
-84.424571,46.540402,outdoor
-84.424571,46.540402,outdoor
-84.424571,46.540402,outdoor
-84.424571,46.540402,outdoor
-84.424547,46.540423,outdoor
-84.424474,46.540459,outdoor
-84.424408,46.54047,outdoor
-84.424327,46.540477,outdoor
-84.424249,46.540479,outdoor
-84.424162,46.54048,outdoor
-84.424075,46.54048,outdoor
-84.423988,46.54048,outdoor
-84.4239,46.540479,outdoor
-84.423809,46.540477,outdoor
-84.423722,46.540476,outdoor
-84.423631,46.540476,outdoor
-84.423543,46.540478,outdoor
-84.423455,46.540482,outdoor
-84.423361,46.540487,outdoor
-84.423266,46.540493,outdoor
-84.423171,46.540499,outdoor
-84.423078,46.540507,outdoor
-84.422986,46.540523,outdoor
-84.422899,46.540547,outdoor
-84.422818,46.540576,outdoor
-84.422741,46.540609,outdoor
-84.422671,46.540646,outdoor
-84.422608,46.540684,outdoor
-84.42255,46.540725,outdoor
-84.422495,46.540765,outdoor
-84.422438,46.540803,outdoor
-84.42238,46.540845,outdoor
-84.422325,46.540888,outdoor
-84.422279,46.540927,outdoor
-84.42225,46.540967,outdoor
-84.422238,46.541013,outdoor
-84.422241,46.541068,outdoor
-84.422259,46.541127,outdoor
-84.422286,46.541186,outdoor
-84.422321,46.541243,outdoor
-84.422364,46.541302,outdoor
-84.422406,46.541355,outdoor
-84.422448,46.541408,outdoor
-84.422493,46.541461,outdoor
-84.42254,46.541513,outdoor
-84.422588,46.541563,outdoor
-84.422628,46.541612,outdoor
-84.422662,46.541664,outdoor
-84.422691,46.541714,outdoor
-84.42272,46.541763,outdoor
-84.422751,46.54181,outdoor
-84.422781,46.541854,outdoor
-84.422808,46.541899,outdoor
-84.422831,46.541943,outdoor
-84.422848,46.541986,outdoor
-84.42286,46.542032,outdoor
-84.422864,46.54208,outdoor
-84.422867,46.542133,outdoor
-84.42286,46.542182,outdoor
-84.422852,46.542231,outdoor
-84.422835,46.542277,outdoor
-84.422804,46.542317,outdoor
-84.422768,46.542352,outdoor
-84.422733,46.542383,outdoor
-84.422701,46.542415,outdoor
-84.422675,46.542445,outdoor
-84.422648,46.542483,outdoor
-84.422625,46.542521,outdoor
-84.422609,46.542558,outdoor
-84.422602,46.542595,outdoor
-84.422603,46.542628,outdoor
-84.422608,46.542657,outdoor
-84.422605,46.542693,outdoor
-84.422604,46.542703,outdoor
-84.422608,46.542718,outdoor
-84.422618,46.54273,outdoor
-84.422631,46.542759,outdoor
-84.422633,46.542771,outdoor
-84.422602,46.542787,outdoor
-84.422564,46.54281,outdoor
-84.422519,46.542838,outdoor
-84.422487,46.542864,outdoor
-84.422461,46.54289,outdoor
-84.422432,46.54291,outdoor
-84.422415,46.542924,outdoor
-84.422398,46.542936,outdoor
-84.42239,46.542965,outdoor
-84.422391,46.542974,outdoor
-84.42239,46.542988,outdoor
-84.422387,46.542987,outdoor
-84.422387,46.542986,outdoor
-84.422387,46.542986,outdoor
-84.422387,46.542986,outdoor
-84.422387,46.542986,outdoor
-84.422389,46.542979,outdoor
-84.422388,46.54298,outdoor
-84.422388,46.542979,outdoor
-84.422388,46.542979,outdoor
-84.422388,46.542979,outdoor
-84.422441,46.542945,outdoor
-84.422444,46.542946,outdoor
-84.422445,46.542944,outdoor
-84.422446,46.542943,outdoor
-84.422446,46.542943,outdoor
-84.422446,46.542943,outdoor
-84.422446,46.542943,outdoor
-84.42243,46.542948,outdoor
-84.422417,46.542958,outdoor
-84.422404,46.54297,outdoor
-84.422394,46.542986,outdoor
-84.422387,46.542999,outdoor
-84.422383,46.542999,outdoor
-84.422386,46.542991,outdoor
-84.422389,46.542982,outdoor
-84.422392,46.542974,outdoor
-84.422395,46.542966,outdoor
-84.422398,46.542958,outdoor
-84.4224,46.542949,outdoor
-84.422403,46.542941,outdoor
-84.422406,46.542933,outdoor
-84.422409,46.542925,outdoor
-84.422412,46.542916,outdoor
-84.422415,46.542908,outdoor
-84.422418,46.5429,outdoor
-84.42246,46.542893,outdoor
-84.422472,46.542889,outdoor
-84.42249,46.542884,outdoor
-84.422511,46.542879,outdoor
-84.422522,46.542879,outdoor
-84.42254,46.542879,outdoor
-84.42255,46.542879,outdoor
-84.422552,46.54288,outdoor
-84.422552,46.54288,outdoor
-84.422551,46.542893,outdoor
-84.422552,46.542895,outdoor
-84.422552,46.542894,outdoor
-84.42255,46.542892,outdoor
-84.422549,46.54289,outdoor
-84.422551,46.542888,outdoor
-84.422552,46.542887,outdoor
-84.422559,46.542888,outdoor
-84.422565,46.54289,outdoor
-84.422571,46.542891,outdoor
-84.422576,46.542891,outdoor
-84.42258,46.542889,outdoor
-84.422545,46.542872,outdoor
-84.422533,46.542864,outdoor
-84.422527,46.54286,outdoor
-84.422523,46.542861,outdoor
-84.422521,46.542862,outdoor
-84.422519,46.542862,outdoor
-84.422518,46.542863,outdoor
-84.422515,46.542861,outdoor
-84.422508,46.542857,outdoor
-84.4225,46.542848,outdoor
-84.422497,46.542841,outdoor
-84.422494,46.542835,outdoor
-84.422491,46.542828,outdoor
-84.422488,46.542822,outdoor
-84.422487,46.54281,outdoor
-84.422488,46.542798,outdoor
-84.422487,46.542789,outdoor
-84.422485,46.54278,outdoor
-84.422489,46.542771,outdoor
-84.422495,46.542766,outdoor
-84.422497,46.542763,outdoor
-84.422497,46.542764,outdoor
-84.422497,46.542765,outdoor
-84.422497,46.542768,outdoor
-84.422497,46.542769,outdoor
-84.422499,46.542771,outdoor
-84.422501,46.542771,outdoor
-84.422502,46.542771,outdoor
-84.422503,46.542772,outdoor
-84.422503,46.542772,outdoor
-84.422503,46.542772,outdoor
-84.422517,46.542763,outdoor
-84.422528,46.542746,outdoor
-84.422541,46.542732,outdoor
-84.422557,46.54272,outdoor
-84.422571,46.542712,outdoor
-84.422591,46.542706,outdoor
-84.422617,46.542705,outdoor
-84.422646,46.542703,outdoor
-84.422665,46.542699,outdoor
-84.422681,46.542697,outdoor
-84.422689,46.542697,outdoor
-84.422694,46.542696,outdoor
-84.422695,46.542695,outdoor
-84.422696,46.542694,outdoor
-84.422697,46.542695,outdoor
-84.422697,46.542697,outdoor
-84.422695,46.542696,outdoor
-84.422694,46.542696,outdoor
-84.422693,46.542696,outdoor
-84.422692,46.542696,outdoor
-84.422691,46.542696,outdoor
-84.42269,46.542695,outdoor
-84.422688,46.542695,outdoor
-84.422707,46.542775,outdoor
-84.422706,46.542773,outdoor
-84.422709,46.542772,outdoor
-84.422711,46.542773,outdoor
-84.422713,46.542774,outdoor
-84.422714,46.542775,outdoor
-84.422714,46.542776,outdoor
-84.422713,46.542775,outdoor
-84.422712,46.542775,outdoor
-84.422712,46.542775,outdoor
-84.422711,46.542776,outdoor
-84.422711,46.542776,outdoor
-84.422682,46.542691,outdoor
-84.422663,46.542687,outdoor
-84.422684,46.542695,outdoor
-84.422682,46.542697,outdoor
-84.422668,46.5427,outdoor
-84.422645,46.542703,outdoor
-84.422616,46.542707,outdoor
-84.422601,46.542708,outdoor
-84.422587,46.542708,outdoor
-84.42256,46.542709,outdoor
-84.422539,46.542714,outdoor
-84.422519,46.542729,outdoor
-84.422513,46.542737,outdoor
-84.422508,46.542745,outdoor
-84.422506,46.542761,outdoor
-84.422508,46.542767,outdoor
-84.422511,46.542774,outdoor
-84.422513,46.54278,outdoor
-84.422516,46.542787,outdoor
-84.422518,46.542805,outdoor
-84.422513,46.542821,outdoor
-84.422499,46.542842,outdoor
-84.422493,46.542851,outdoor
-84.422486,46.542859,outdoor
-84.422465,46.542875,outdoor
-84.422456,46.54288,outdoor
-84.422448,46.542885,outdoor
-84.422438,46.54289,outdoor
-84.422425,46.542897,outdoor
-84.42241,46.542903,outdoor
-84.4224,46.542911,outdoor
-84.422391,46.542919,outdoor
-84.422387,46.542925,outdoor
-84.422386,46.542928,outdoor
-84.422389,46.542926,outdoor
-84.422392,46.542924,outdoor
-84.422396,46.542922,outdoor
-84.422396,46.542922,outdoor
-84.422397,46.542921,outdoor
-84.422398,46.542921,outdoor
-84.422398,46.542921,outdoor
-84.422398,46.542922,outdoor
-84.422397,46.542921,outdoor
-84.422397,46.542922,outdoor
-84.422499,46.542887,outdoor
-84.422534,46.542863,outdoor
-84.422553,46.542825,outdoor
-84.42256,46.54281,outdoor
-84.422584,46.542781,outdoor
-84.422596,46.542748,outdoor
-84.422597,46.542736,outdoor
-84.42261,46.542685,outdoor
-84.422619,46.542656,outdoor
-84.42262,46.542615,outdoor
-84.422621,46.542568,outdoor
-84.422634,46.542519,outdoor
-84.422677,46.542425,outdoor
-84.422703,46.542382,outdoor
-84.422735,46.542343,outdoor
-84.422776,46.542319,outdoor
-84.422803,46.542294,outdoor
-84.422861,46.542264,outdoor
-84.422916,46.542238,outdoor
-84.422955,46.542202,outdoor
-84.422964,46.542086,outdoor
-84.422927,46.542023,outdoor
-84.422878,46.541959,outdoor
-84.422827,46.541894,outdoor
-84.422778,46.541829,outdoor
-84.422732,46.541766,outdoor
-84.42269,46.541706,outdoor
-84.422651,46.541647,outdoor
-84.422612,46.54159,outdoor
-84.422575,46.541535,outdoor
-84.422537,46.541478,outdoor
-84.422495,46.541418,outdoor
-84.422451,46.541355,outdoor
-84.422404,46.541289,outdoor
-84.422358,46.541223,outdoor
-84.422309,46.541162,outdoor
-84.422267,46.541101,outdoor
-84.422252,46.541036,outdoor
-84.422277,46.540977,outdoor
-84.42232,46.540922,outdoor
-84.422388,46.540873,outdoor
-84.422468,46.540822,outdoor
-84.422548,46.540772,outdoor
-84.422629,46.540724,outdoor
-84.42271,46.540679,outdoor
-84.422796,46.540636,outdoor
-84.422888,46.5406,outdoor
-84.422985,46.540569,outdoor
-84.423089,46.540545,outdoor
-84.423194,46.54053,outdoor
-84.423297,46.540524,outdoor
-84.423398,46.540523,outdoor
-84.423501,46.540523,outdoor
-84.423603,46.540522,outdoor
-84.423704,46.540521,outdoor
-84.423805,46.54052,outdoor
-84.423904,46.540518,outdoor
-84.424003,46.540513,outdoor
-84.424099,46.540507,outdoor
-84.424195,46.540501,outdoor
-84.424288,46.540499,outdoor
-84.42437,46.540497,outdoor
-84.424444,46.540497,outdoor
-84.424512,46.540505,outdoor
-84.424571,46.540529,outdoor
-84.424622,46.540559,outdoor
-84.424648,46.540597,outdoor
-84.42465,46.540662,outdoor
-84.424651,46.540737,outdoor
-84.424649,46.540818,outdoor
-84.424648,46.5409,outdoor
-84.424651,46.54098,outdoor
-84.424653,46.541054,outdoor
-84.424655,46.541127,outdoor
-84.424657,46.541199,outdoor
-84.424656,46.541273,outdoor
-84.424655,46.541348,outdoor
-84.424653,46.541421,outdoor
-84.424648,46.54149,outdoor
-84.424648,46.541563,outdoor
-84.424652,46.541635,outdoor
-84.424659,46.541705,outdoor
-84.424666,46.541775,outdoor
-84.424673,46.541844,outdoor
-84.42468,46.541914,outdoor
-84.424686,46.541985,outdoor
-84.424691,46.542056,outdoor
-84.424695,46.542127,outdoor
-84.424698,46.542197,outdoor
-84.4247,46.542267,outdoor
-84.424702,46.542338,outdoor
-84.424705,46.542406,outdoor
-84.424709,46.542475,outdoor
-84.424713,46.542542,outdoor
-84.424716,46.542612,outdoor
-84.424722,46.542681,outdoor
-84.424726,46.542752,outdoor
-84.424729,46.542823,outdoor
-84.424733,46.542893,outdoor
-84.424735,46.542963,outdoor
-84.424739,46.543033,outdoor
-84.424742,46.543105,outdoor
-84.424746,46.543177,outdoor
-84.424749,46.543249,outdoor
-84.424749,46.543322,outdoor
-84.424751,46.543393,outdoor
-84.424752,46.543464,outdoor
-84.424752,46.543533,outdoor
-84.42475,46.543601,outdoor
-84.424751,46.543668,outdoor
-84.424756,46.543738,outdoor
-84.42476,46.543806,outdoor
-84.424767,46.543879,outdoor
-84.424775,46.543949,outdoor
-84.424782,46.544019,outdoor
-84.424788,46.54409,outdoor
-84.424793,46.54416,outdoor
-84.424798,46.544226,outdoor
-84.424803,46.544291,outdoor
-84.424807,46.544361,outdoor
-84.42481,46.544432,outdoor
-84.424814,46.544504,outdoor
-84.42482,46.544575,outdoor
-84.424827,46.544644,outdoor
-84.424833,46.544712,outdoor
-84.424836,46.544779,outdoor
-84.424837,46.544842,outdoor
-84.42484,46.544906,outdoor
-84.424846,46.544971,outdoor
-84.424852,46.545038,outdoor
-84.424865,46.545104,outdoor
-84.424869,46.545171,outdoor
-84.424871,46.545237,outdoor
-84.424871,46.545301,outdoor
-84.42487,46.545367,outdoor
-84.424868,46.545432,outdoor
-84.424867,46.545497,outdoor
-84.424868,46.545561,outdoor
-84.424871,46.545626,outdoor
-84.424873,46.545691,outdoor
-84.424874,46.545757,outdoor
-84.424875,46.545821,outdoor
-84.424879,46.545884,outdoor
-84.424889,46.545947,outdoor
-84.4249,46.546011,outdoor
-84.42491,46.546074,outdoor
-84.424918,46.546138,outdoor
-84.424923,46.546201,outdoor
-84.424925,46.546261,outdoor
-84.424924,46.54632,outdoor
-84.42492,46.546378,outdoor
-84.424917,46.546441,outdoor
-84.424917,46.546507,outdoor
-84.424919,46.546576,outdoor
-84.424917,46.546647,outdoor
-84.424912,46.546713,outdoor
-84.424908,46.546774,outdoor
-84.424908,46.546834,outdoor
-84.424913,46.546895,outdoor
-84.42492,46.546953,outdoor
-84.424927,46.547011,outdoor
-84.424933,46.547069,outdoor
-84.424937,46.547131,outdoor
-84.424941,46.547193,outdoor
-84.424944,46.547253,outdoor
-84.424947,46.547314,outdoor
-84.424954,46.547376,outdoor
-84.424961,46.54744,outdoor
-84.424969,46.547503,outdoor
-84.424975,46.547564,outdoor
-84.424978,46.547626,outdoor
-84.424983,46.547687,outdoor
-84.424991,46.547747,outdoor
-84.425001,46.54781,outdoor
-84.425013,46.547874,outdoor
-84.425022,46.547939,outdoor
-84.425033,46.548006,outdoor
-84.425037,46.548073,outdoor
-84.42504,46.54814,outdoor
-84.425044,46.548203,outdoor
-84.425047,46.548264,outdoor
-84.425049,46.548325,outdoor
-84.425046,46.548387,outdoor
-84.425046,46.548453,outdoor
-84.425046,46.548516,outdoor
-84.425043,46.54858,outdoor
-84.425043,46.548642,outdoor
-84.425043,46.548704,outdoor
-84.425039,46.548765,outdoor
-84.425034,46.548823,outdoor
-84.42503,46.548883,outdoor
-84.425032,46.548946,outdoor
-84.425037,46.549006,outdoor
-84.42504,46.549065,outdoor
-84.425044,46.549125,outdoor
-84.425049,46.549187,outdoor
-84.425057,46.549251,outdoor
-84.425065,46.549314,outdoor
-84.425075,46.549375,outdoor
-84.42509,46.54943,outdoor
-84.425095,46.549489,outdoor
-84.425096,46.549545,outdoor
-84.425096,46.549599,outdoor
-84.425094,46.549654,outdoor
-84.425095,46.549709,outdoor
-84.425097,46.549766,outdoor
-84.425097,46.549825,outdoor
-84.425101,46.549885,outdoor
-84.425106,46.549942,outdoor
-84.425112,46.549999,outdoor
-84.425121,46.550057,outdoor
-84.425127,46.550116,outdoor
-84.42513,46.550171,outdoor
-84.425134,46.550222,outdoor
-84.425137,46.550272,outdoor
-84.425139,46.550317,outdoor
-84.425139,46.550364,outdoor
-84.425128,46.550408,outdoor
-84.425094,46.550445,outdoor
-84.425041,46.550479,outdoor
-84.424975,46.550501,outdoor
-84.424898,46.55051,outdoor
-84.424801,46.550505,outdoor
-84.424704,46.550494,outdoor
-84.424606,46.550487,outdoor
-84.42451,46.550482,outdoor
-84.424409,46.550475,outdoor
-84.424303,46.550466,outdoor
-84.424199,46.550458,outdoor
-84.424098,46.550453,outdoor
-84.424004,46.55045,outdoor
-84.423911,46.550448,outdoor
-84.423816,46.550449,outdoor
-84.423718,46.550455,outdoor
-84.423616,46.550461,outdoor
-84.423512,46.550466,outdoor
-84.423411,46.55047,outdoor
-84.423308,46.550476,outdoor
-84.423206,46.550481,outdoor
-84.423103,46.550485,outdoor
-84.422999,46.55049,outdoor
-84.422901,46.550494,outdoor
-84.422804,46.550497,outdoor
-84.422705,46.550501,outdoor
-84.422606,46.550504,outdoor
-84.422508,46.550508,outdoor
-84.422411,46.550511,outdoor
-84.422315,46.550515,outdoor
-84.42222,46.550517,outdoor
-84.422122,46.550519,outdoor
-84.422021,46.55052,outdoor
-84.42192,46.550523,outdoor
-84.421822,46.550527,outdoor
-84.421726,46.550531,outdoor
-84.421627,46.550535,outdoor
-84.421529,46.550541,outdoor
-84.42143,46.550548,outdoor
-84.421331,46.550552,outdoor
-84.421235,46.550554,outdoor
-84.421139,46.550556,outdoor
-84.421043,46.550558,outdoor
-84.420947,46.550562,outdoor
-84.420849,46.550567,outdoor
-84.420752,46.550569,outdoor
-84.420655,46.550571,outdoor
-84.420562,46.550573,outdoor
-84.420467,46.55057,outdoor
-84.420367,46.550559,outdoor
-84.420268,46.550553,outdoor
-84.420166,46.55055,outdoor
-84.420066,46.550548,outdoor
-84.419968,46.550548,outdoor
-84.419874,46.550549,outdoor
-84.419783,46.550549,outdoor
-84.419693,46.550552,outdoor
-84.419604,46.550556,outdoor
-84.419513,46.550559,outdoor
-84.419414,46.550565,outdoor
-84.419313,46.55057,outdoor
-84.419209,46.550572,outdoor
-84.419102,46.550572,outdoor
-84.418993,46.550572,outdoor
-84.418884,46.550571,outdoor
-84.418773,46.550573,outdoor
-84.418663,46.550579,outdoor
-84.418555,46.550585,outdoor
-84.418448,46.550589,outdoor
-84.418334,46.55059,outdoor
-84.418224,46.550591,outdoor
-84.418111,46.55059,outdoor
-84.417997,46.550589,outdoor
-84.417891,46.550592,outdoor
-84.417786,46.5506,outdoor
-84.417685,46.550608,outdoor
-84.417593,46.550613,outdoor
-84.417509,46.550618,outdoor
-84.417425,46.550626,outdoor
-84.417335,46.550631,outdoor
-84.417239,46.550633,outdoor
-84.417146,46.550634,outdoor
-84.417051,46.550635,outdoor
-84.416952,46.550636,outdoor
-84.41686,46.550638,outdoor
-84.416772,46.550641,outdoor
-84.416681,46.550643,outdoor
-84.416593,46.550644,outdoor
-84.416507,46.550647,outdoor
-84.416425,46.55065,outdoor
-84.416342,46.550653,outdoor
-84.416261,46.550657,outdoor
-84.416177,46.55066,outdoor
-84.416093,46.55066,outdoor
-84.416011,46.550659,outdoor
-84.415921,46.550657,outdoor
-84.415831,46.550657,outdoor
-84.415744,46.550659,outdoor
-84.415655,46.550661,outdoor
-84.415565,46.550665,outdoor
-84.415471,46.550667,outdoor
-84.415382,46.550669,outdoor
-84.415298,46.550672,outdoor
-84.415215,46.550674,outdoor
-84.415132,46.550673,outdoor
-84.415049,46.550676,outdoor
-84.414966,46.55068,outdoor
-84.414889,46.550685,outdoor
-84.414815,46.55069,outdoor
-84.414738,46.550689,outdoor
-84.414683,46.550676,outdoor
-84.414658,46.55065,outdoor
-84.41467,46.550618,outdoor
-84.414701,46.550578,outdoor
-84.414726,46.550521,outdoor
-84.414771,46.55044,outdoor
-84.414812,46.550369,outdoor
-84.414833,46.550308,outdoor
-84.414832,46.550252,outdoor
-84.414827,46.55021,outdoor
-84.414765,46.55021,outdoor
-84.414739,46.550216,outdoor
-84.414686,46.550228,outdoor
-84.414663,46.550237,outdoor
-84.414658,46.550244,outdoor
-84.414658,46.550245,outdoor
-84.414659,46.550249,outdoor
-84.414656,46.550254,outdoor
-84.414647,46.550263,outdoor
-84.414636,46.550273,outdoor
-84.414636,46.550279,outdoor
-84.414631,46.550281,outdoor
-84.414636,46.550284,outdoor
-84.414643,46.550288,outdoor
-84.414644,46.550291,outdoor
-84.41464,46.550295,outdoor
-84.414623,46.550297,outdoor
-84.414608,46.550294,outdoor
-84.414602,46.550291,outdoor
-84.414602,46.55029,outdoor
-84.41461,46.550293,outdoor
-84.414616,46.550294,outdoor
-84.414618,46.550294,outdoor
-84.414618,46.550294,outdoor
-84.414618,46.550294,outdoor
-84.414618,46.550294,outdoor
-84.414618,46.550294,outdoor
-84.414618,46.550294,outdoor
-84.414618,46.550294,outdoor
-84.414618,46.550294,outdoor
-84.414605,46.550296,outdoor
-84.414591,46.550296,outdoor
-84.414589,46.550291,outdoor
-84.414591,46.550291,outdoor
-84.414591,46.550291,outdoor
-84.414591,46.550291,outdoor
-84.414591,46.550291,outdoor
-84.414591,46.550291,outdoor
-84.414591,46.550291,outdoor
-84.414591,46.550291,outdoor
-84.414591,46.550291,outdoor
-84.414591,46.550291,outdoor
-84.414591,46.550291,outdoor
-84.414591,46.550291,outdoor
-84.414591,46.550291,outdoor
-84.414591,46.550291,outdoor
-84.414591,46.550291,outdoor
-84.414591,46.550291,outdoor
-84.414591,46.550291,outdoor
-84.414591,46.550291,outdoor
-84.414591,46.550291,outdoor
-84.414591,46.550291,outdoor
-84.414591,46.550291,outdoor
-84.414591,46.550291,outdoor
-84.414591,46.550291,outdoor
-84.414591,46.550291,outdoor
-84.414591,46.550291,outdoor
-84.414591,46.550291,outdoor
-84.414591,46.550291,outdoor
-84.414591,46.550291,outdoor
-84.414591,46.550291,outdoor
-84.414591,46.550291,outdoor
-84.414591,46.550291,outdoor
-84.414591,46.550291,outdoor
-84.414591,46.550291,outdoor
-84.414591,46.550291,outdoor
-84.414591,46.550291,outdoor
-84.414591,46.550291,outdoor
-84.414591,46.550291,outdoor
-84.414591,46.550291,outdoor